band,start,end,width
B,4040.0,4040.25,0.25
B,4045.13,4045.27,0.13999999999987267
B,4046.33,4046.78,0.45000000000027285
B,4047.82,4051.48,3.6599999999998545
B,4052.93,4053.47,0.5399999999999636
B,4054.13,4054.28,0.15000000000009095
B,4055.44,4056.98,1.5399999999999636
B,4058.02,4060.0,1.9800000000000182
B,4062.93,4063.08,0.15000000000009095
B,4064.12,4064.87,0.75
B,4068.52,4068.58,0.05999999999994543
B,4073.02,4073.28,0.2600000000002183
B,4074.32,4076.07,1.75
B,4077.13,4078.68,1.5499999999997272
B,4080.73,4081.58,0.849999999999909
B,4082.72,4083.17,0.45000000000027285
B,4085.72,4088.11,2.3900000000003274
B,4089.52,4091.18,1.6599999999998545
B,4092.02,4102.39,10.370000000000346
B,4103.41,4113.96,10.550000000000182
B,4115.41,4116.16,0.75
B,4117.31,4117.98,0.6699999999991633
B,4119.02,4119.72,0.6999999999998181
B,4120.68,4121.36,0.6799999999993815
B,4122.24,4125.07,2.8299999999999272
B,4126.72,4127.08,0.3599999999996726
B,4128.59,4131.58,2.9899999999997817
B,4133.42,4133.78,0.3599999999996726
B,4135.22,4136.06,0.8400000000001455
B,4137.52,4139.47,1.949999999999818
B,4140.92,4142.88,1.9600000000000364
B,4144.42,4144.47,0.0500000000001819
B,4145.53,4147.17,1.6400000000003274
B,4148.23,4150.47,2.240000000000691
B,4151.53,4151.75,0.22000000000025466
B,4152.65,4153.37,0.7200000000002547
B,4155.32,4156.27,0.9500000000007276
B,4157.33,4157.38,0.0500000000001819
B,4159.29,4159.87,0.5799999999999272
B,4160.93,4166.77,5.8400000000001455
B,4167.83,4168.18,0.3500000000003638
B,4169.43,4170.45,1.019999999999527
B,4171.35,4172.18,0.8299999999999272
B,4173.22,4174.37,1.1499999999996362
B,4177.12,4181.28,4.1599999999998545
B,4183.36,4184.48,1.1199999999998909
B,4185.32,4186.47,1.1500000000005457
B,4189.22,4190.87,1.6499999999996362
B,4191.93,4194.77,2.8400000000001455
B,4195.83,4195.97,0.14000000000032742
B,4197.03,4197.78,0.75
B,4201.32,4201.47,0.1500000000005457
B,4204.52,4204.74,0.21999999999934516
B,4205.46,4206.18,0.7200000000002547
B,4207.62,4208.2,0.5799999999999272
B,4209.01,4209.78,0.7699999999995271
B,4210.82,4214.97,4.150000000000546
B,4216.72,4218.88,2.1599999999998545
B,4220.74,4221.68,0.9400000000005093
B,4222.72,4223.68,0.9600000000000364
B,4225.12,4226.17,1.050000000000182
B,4227.92,4232.68,4.760000000000218
B,4234.52,4235.27,0.75
B,4236.33,4237.48,1.1499999999996362
B,4240.32,4244.82,4.5
B,4246.5,4246.78,0.27999999999974534
B,4247.82,4249.67,1.8500000000003638
B,4251.32,4258.78,7.460000000000036
B,4261.02,4270.68,9.659999999999854
B,4272.33,4281.88,9.550000000000182
B,4283.44,4289.01,5.5700000000006185
B,4290.66,4293.58,2.9200000000000728
B,4294.62,4298.68,4.0600000000004
B,4300.46,4301.52,1.0600000000004002
B,4302.9,4307.37,4.470000000000255
B,4308.43,4308.47,0.03999999999996362
B,4309.92,4312.49,2.569999999999709
B,4313.31,4314.59,1.2799999999997453
B,4315.61,4316.5,0.8900000000003274
B,4317.1,4325.17,8.069999999999709
B,4326.23,4326.28,0.0500000000001819
B,4328.36,4336.48,8.11999999999989
B,4338.3,4343.97,5.670000000000073
B,4345.03,4346.79,1.7600000000002183
B,4347.61,4351.28,3.6700000000000728
B,4352.42,4375.37,22.949999999999818
B,4377.23,4382.38,5.150000000000546
B,4385.23,4387.44,2.2100000000000364
B,4388.92,4393.75,4.829999999999927
B,4394.45,4394.47,0.020000000000436557
B,4395.53,4399.43,3.9000000000005457
B,4400.17,4401.02,0.8500000000003638
B,4401.98,4403.68,1.7000000000007276
B,4405.64,4409.1,3.4600000000000364
B,4409.9,4413.09,3.1900000000005093
B,4413.71,4414.58,0.8699999999998909
B,4415.62,4416.41,0.7899999999999636
B,4417.19,4417.24,0.0500000000001819
B,4418.73,4421.6,2.8700000000008004
B,4423.05,4423.79,0.7399999999997817
B,4424.61,4424.88,0.27000000000043656
B,4426.34,4426.84,0.5
B,4428.09,4430.11,2.019999999999527
B,4431.09,4432.08,0.9899999999997817
B,4434.24,4434.48,0.23999999999978172
B,4436.22,4437.99,1.769999999999527
B,4438.61,4439.49,0.8800000000001091
B,4444.29,4445.26,0.9700000000002547
B,4445.74,4446.38,0.6400000000003274
B,4448.22,4448.8,0.5799999999999272
B,4449.4,4450.14,0.7400000000006912
B,4450.86,4452.85,1.9900000000006912
B,4455.33,4455.38,0.0500000000001819
B,4456.42,4458.58,2.1599999999998545
B,4459.62,4460.68,1.0600000000004002
B,4462.52,4464.04,1.519999999999527
B,4464.76,4465.62,0.8599999999996726
B,4465.99,4466.08,0.09000000000014552
B,4467.12,4468.0,0.8800000000001091
B,4469.0,4469.7,0.6999999999998181
B,4471.12,4475.42,4.300000000000182
B,4476.38,4477.78,1.3999999999996362
B,4478.22,4479.17,0.9499999999998181
B,4483.22,4483.75,0.5299999999997453
B,4484.65,4485.26,0.6100000000005821
B,4486.14,4487.81,1.6700000000000728
B,4491.75,4493.22,1.4700000000002547
B,4496.49,4500.01,3.5200000000004366
B,4500.56,4500.86,0.2999999999992724
B,4501.74,4502.26,0.5200000000004366
B,4502.94,4503.5,0.5600000000004002
B,4504.06,4504.52,0.4600000000000364
B,4505.08,4507.9,2.819999999999709
B,4508.7,4555.12,46.42000000000007
B,4556.32,4563.5,7.180000000000291
B,4564.04,4566.18,2.1400000000003274
B,4567.41,4568.06,0.6500000000005457
B,4569.18,4570.76,1.5799999999999272
B,4572.18,4573.81,1.6300000000001091
B,4575.11,4576.07,0.9600000000000364
B,4576.73,4578.24,1.5100000000002183
B,4578.96,4582.46,3.5
B,4585.33,4585.45,0.11999999999989086
B,4586.35,4586.67,0.31999999999970896
B,4587.33,4591.47,4.140000000000327
B,4592.53,4593.18,0.6500000000005457
B,4593.82,4597.37,3.550000000000182
B,4598.82,4599.41,0.5900000000001455
B,4599.99,4601.68,1.6900000000005093
B,4602.32,4602.44,0.11999999999989086
B,4603.7,4604.08,0.38000000000010914
B,4605.36,4607.26,1.9000000000005457
B,4607.94,4609.1,1.160000000000764
B,4609.5,4616.99,7.489999999999782
B,4617.61,4620.18,2.5700000000006185
B,4620.82,4622.8,1.980000000000473
B,4623.4,4623.68,0.28000000000065484
B,4624.52,4624.63,0.10999999999967258
B,4625.37,4627.05,1.680000000000291
B,4627.75,4629.78,2.0299999999997453
B,4630.42,4632.49,2.069999999999709
B,4633.31,4633.55,0.23999999999978172
B,4634.05,4635.42,1.3699999999998909
B,4636.51,4636.98,0.46999999999934516
B,4638.53,4639.0,0.47000000000025466
B,4640.23,4640.85,0.6200000000008004
B,4641.55,4643.12,1.569999999999709
B,4643.88,4644.98,1.0999999999994543
B,4645.42,4646.88,1.4600000000000364
B,4649.46,4650.0,0.5399999999999636
G,4760.0,4957.07,197.07
G,4958.13,5171.94,213.81
G,5173.46,5182.06,8.6
G,5185.44,5194.37,8.93
G,5195.43,5232.37,36.94
G,5233.43,5261.9,28.47
G,5262.58,5268.97,6.39
G,5270.03,5382.87,112.84
G,5383.93,5396.57,12.64
G,5397.63,5403.57,5.94
G,5404.63,5405.27,0.64
G,5406.33,5414.67,8.34
G,5415.73,5429.17,13.44
G,5430.23,5480.0,49.77
R,6050.0,6053.35,3.350000000000364
R,6054.26,6054.98,0.7199999999993452
R,6056.7,6060.27,3.5700000000006185
R,6060.93,6062.31,1.3800000000001091
R,6063.86,6064.45,0.5900000000001455
R,6064.75,6064.93,0.18000000000029104
R,6066.07,6077.89,11.820000000000618
R,6079.61,6082.22,2.610000000000582
R,6083.13,6084.82,1.6899999999995998
R,6085.64,6090.82,5.1799999999993815
R,6092.36,6093.38,1.0200000000004366
R,6094.65,6096.4,1.75
R,6097.0,6101.73,4.729999999999563
R,6103.81,6110.72,6.9099999999998545
R,6111.33,6115.76,4.430000000000291
R,6116.69,6121.47,4.780000000000655
R,6123.03,6124.48,1.449999999999818
R,6125.53,6125.8,0.27000000000043656
R,6126.59,6128.6,2.0100000000002183
R,6129.31,6136.04,6.729999999999563
R,6138.28,6141.16,2.880000000000109
R,6142.91,6144.48,1.569999999999709
R,6145.55,6151.2,5.649999999999636
R,6152.15,6154.73,2.5799999999999272
R,6155.62,6157.09,1.4700000000002547
R,6158.28,6160.99,2.7100000000000364
R,6164.36,6164.93,0.5700000000006185
R,6165.81,6165.93,0.11999999999989086
R,6166.92,6168.44,1.519999999999527
R,6171.19,6172.74,1.550000000000182
R,6173.91,6174.9,0.9899999999997817
R,6175.85,6176.2,0.3499999999994543
R,6177.87,6179.53,1.6599999999998545
R,6180.83,6187.52,6.690000000000509
R,6188.34,6190.55,2.2100000000000364
R,6192.36,6199.85,7.490000000000691
R,6200.75,6212.92,12.170000000000073
R,6213.8,6214.21,0.4099999999998545
R,6217.16,6218.67,1.5100000000002183
R,6219.91,6223.62,3.7100000000000364
R,6224.27,6226.33,2.0599999999994907
R,6227.08,6228.77,1.6900000000005093
R,6229.68,6230.25,0.569999999999709
R,6231.61,6236.75,5.140000000000327
R,6237.93,6243.46,5.529999999999745
R,6245.01,6245.85,0.8400000000001455
R,6246.94,6247.09,0.1500000000005457
R,6248.16,6252.19,4.029999999999745
R,6253.01,6257.65,4.639999999999418
R,6258.41,6259.26,0.8500000000003638
R,6260.02,6260.73,0.7099999999991269
R,6261.75,6264.54,2.7899999999999636
R,6265.71,6269.78,4.069999999999709
R,6270.77,6270.99,0.21999999999934516
R,6271.59,6280.11,8.519999999999527
R,6281.2,6290.54,9.340000000000146
R,6291.46,6297.34,5.880000000000109
R,6298.4,6300.9,2.5
R,6303.02,6303.36,0.339999999999236
R,6304.13,6311.04,6.9099999999998545
R,6311.93,6314.17,2.2399999999997817
R,6316.35,6317.49,1.139999999999418
R,6319.94,6321.91,1.9700000000002547
R,6323.34,6324.93,1.5900000000001455
R,6325.49,6327.26,1.7700000000004366
R,6328.01,6330.47,2.4600000000000364
R,6331.27,6334.82,3.5499999999992724
R,6335.82,6336.34,0.5200000000004366
R,6337.44,6338.34,0.9000000000005457
R,6339.6,6346.54,6.9399999999996
R,6347.6,6354.62,7.019999999999527
R,6355.52,6358.24,2.719999999999345
R,6359.16,6461.87,102.71000000000004
R,6463.33,6468.65,5.319999999999709
R,6469.55,6471.19,1.639999999999418
R,6472.14,6475.2,3.0599999999994907
R,6476.03,6481.44,5.4099999999998545
R,6482.35,6482.4,0.049999999999272404
R,6483.2,6491.2,8.0
R,6492.0,6493.19,1.1899999999995998
R,6497.41,6498.55,1.1400000000003274
R,6499.27,6515.64,16.36999999999989
R,6516.5,6517.97,1.4700000000002547
R,6518.83,6526.83,8.0
R,6527.62,6532.49,4.869999999999891
R,6533.36,6533.51,0.1500000000005457
R,6534.3,6545.68,11.38000000000011
R,6546.75,6551.22,4.470000000000255
R,6552.08,6553.82,1.7399999999997817
R,6554.61,6555.68,1.0700000000006185
R,6557.27,6559.13,1.8599999999996726
R,6560.04,6568.73,8.6899999999996
R,6569.85,6572.37,2.519999999999527
R,6573.17,6573.83,0.6599999999998545
R,6575.43,6580.75,5.319999999999709
R,6581.57,6585.93,4.360000000000582
R,6586.68,6592.18,5.5
R,6594.53,6597.09,2.5600000000004
R,6598.0,6598.27,0.27000000000043656
R,6599.52,6607.61,8.089999999999236
R,6608.46,6608.63,0.17000000000007276
R,6610.16,6624.59,14.430000000000291
R,6625.32,6627.19,1.8699999999998909
R,6627.98,6634.71,6.730000000000473
R,6636.03,6643.11,7.079999999999927
R,6644.09,6646.43,2.3400000000001455
R,6647.34,6662.79,15.449999999999818
R,6664.01,6677.43,13.420000000000073
R,6678.54,6703.13,24.590000000000146
R,6703.99,6704.67,0.680000000000291
R,6705.57,6709.93,4.360000000000582
R,6710.77,6712.61,1.839999999999236
R,6714.15,6717.13,2.980000000000473
R,6718.27,6721.41,3.139999999999418
R,6722.22,6725.0,2.7799999999997453
R,6725.75,6726.3,0.5500000000001819
R,6727.07,6739.15,12.079999999999927
R,6739.86,6742.65,2.7899999999999636
R,6743.56,6752.31,8.75
R,6753.09,6764.77,11.680000000000291
R,6766.03,6767.33,1.300000000000182
R,6768.27,6771.81,3.5399999999999636
R,6772.79,6777.33,4.539999999999964
R,6777.67,6780.0,2.3299999999999272
